topic_title	screen_name	epoch	text	link
MB111	USATODAY	2013-03-23 04:04:10+00:00	U.N. chief warns of growing water scarcity	http://www.usatoday.com/story/news/world/2013/03/23/un-chief-water-scarcity/2012259/
MB111	USATODAY	2013-03-22 15:41:25+00:00	World Water Day highlights life-threatening shortages	http://www.usatoday.com/story/news/world/2013/03/22/world-water-day/2006027/
MB111	BBC	2013-03-03 00:23:32+00:00	Whisky industry concern over proposed water limit	http://www.bbc.co.uk/news/uk-scotland-21643567
MB111	AP	2013-02-12 05:00:00+00:00	NASA: Alarming water loss in Middle East	http://bigstory.ap.org/article/nasa-alarming-water-loss-middle-east
MB111	REUTERS	2013-02-25 21:35:57+00:00	Nestlé CEO warns water scarcity is major threat to food industry<NESN.VX>	http://www.reuters.com/article/2013/02/25/idUSnHUGPkmDna+1e4+ONE20130225
MB111	BBC	2013-03-22 02:21:09+00:00	What World Water Day means for Asia	http://www.bbc.co.uk/news/business-21890989
MB111	REUTERS	2013-03-22 18:06:30+00:00	Water as vital to national security as defense, U.N. says	http://www.reuters.com/article/2013/03/22/us-water-idUSBRE92L0XD20130322
MB111	BBC	2013-03-22 02:21:09+00:00	What World Water Day means for Asia	http://www.bbc.com/news/business-21890989
MB111	AP	2013-02-12 05:00:00+00:00	Zimbabwe faces crayfish crisis in water ecosystem	http://bigstory.ap.org/article/zimbabwe-faces-crayfish-crisis-water-ecosystem
MB111	USATODAY	2013-03-22 20:24:53+00:00	The Water Crisis featuring Matt Damon	http://www.usatoday.com/videos/life/2013/03/22/2011099/
MB112	USATODAY	2013-03-30 23:54:22+00:00	Orb roars to victory in $1M Florida Derby	http://www.usatoday.com/story/sports/horseracing/2013/03/30/florida-derby-orb-victory-kentucky-derby-prep-race/2039035/
MB112	USATODAY	2013-03-27 21:57:41+00:00	Itsmyluckyday early favorite for $1M Florida Derby	http://www.usatoday.com/story/sports/horseracing/2013/03/27/florida-derby-post-position-draw-itsmyluckyday/2026271/
MB112	USATODAY	2013-03-27 21:05:36+00:00	Undrafted owner Wes Welker draws crowd at Florida Derby	http://www.usatoday.com/story/sports/horseracing/2013/03/27/wes-welker-owner-undrafted-florida-derby-draw/2025845/
MB112	AP	2013-03-30 04:40:00+00:00	Orb wins Florida Derby at Gulfstream Park	http://bigstory.ap.org/article/orb-wins-florida-derby-gulfstream-park
MB112	AP	2013-03-29 04:00:00+00:00	Florida Derby boasts top-notch field	http://bigstory.ap.org/article/florida-derby-boasts-top-notch-field
MB112	AP	2013-03-27 20:41:00+00:00	Itsmyluckyday made 2-1 favorite for Florida Derby	http://bigstory.ap.org/article/itsmyluckyday-made-2-1-favorite-florida-derby
MB112	USATODAY	2013-02-16 22:07:44+00:00	Final results from Florida's python hunt	http://www.usatoday.com/story/news/nation/2013/02/16/python-challenge-ends/1925123/
PARSE_ERROR	AP	Central Florida working on extension for O'Leary	http://collegefootball.ap.org/herald-dispatch/article/central-florida-working-extension-oleary
MB113	USATODAY	2013-03-27 17:09:33+00:00	TV on the Web: Looking into Kal Penn's future	http://www.usatoday.com/story/life/2013/03/27/tv-on-the-web-looking-into-kal-penns-future/2022341/
MB116	REUTERS	2013-02-19 18:10:36+00:00	Security group suspects Chinese military is behind hacking attacks	http://www.reuters.com/article/2013/02/19/us-china-hacking-idUSBRE91I06120130219
MB116	AP	2013-02-25 05:00:00+00:00	Chinese hackers seen as increasingly professional	http://bigstory.ap.org/article/chinese-hackers-seen-increasingly-professional
MB116	BBC	2013-02-06 18:04:56+00:00	Rupert Murdoch tweets Chinese 'still hacking' WSJ	http://www.bbc.co.uk/news/technology-21360032
MB116	REUTERS	2013-02-19 05:58:38+00:00	RPT-Security group suspects Chinese military is behind hacking attacks	http://www.reuters.com/article/2013/02/19/china-hacking-idUSL4N0BJ1J320130219
MB116	REUTERS	2013-02-19 18:05:19+00:00	U.S. says has brought cyber-theft concerns to Chinese government	http://www.reuters.com/article/2013/02/19/china-hacking-whitehouse-idUSL1N0BJ5S020130219
MB116	REUTERS	2013-02-19 18:10:33+00:00	U.S. says has brought cyber-theft concerns to Chinese government	http://www.reuters.com/article/2013/02/19/us-china-hacking-whitehouse-idUSBRE91I10320130219
MB116	REUTERS	2013-02-19 18:10:36+00:00	Security group suspects Chinese military is behind hacking attacks	http://www.reuters.com/article/slideshow/idUSBRE91I06120130219
MB116	BBC	2013-02-06 18:04:56+00:00	Rupert Murdoch tweets Chinese 'still hacking' WSJ	http://www.bbc.com/news/technology-21360032
MB116	USATODAY	2013-02-03 23:09:43+00:00	Chinese hackers underscore security gaps	http://www.usatoday.com/story/opinion/2013/02/03/chinese-hackers-underscore-security-gaps-opinionline/1888491/
MB116	REUTERS	2013-02-05 00:00:00+00:00	Chinese hack NYTimes	http://www.reuters.com/video/2013/02/05/chinese-hack-nytimes?videoId=240887179
MB119	AP	2013-03-01 05:00:00+00:00	Buzz off: Pa. honeybee colony getting new home	http://bigstory.ap.org/article/buzz-pa-honeybee-colony-getting-new-home
MB120	REUTERS	2013-02-22 18:35:17+00:00	Sizzling prices heat up wage talks in Argentina	http://www.reuters.com/article/2013/02/22/us-argentina-unions-idUSBRE91L0SJ20130222
MB120	AP	2013-02-04 05:00:00+00:00	Argentina freezes prices to break inflation spiral	http://bigstory.ap.org/article/argentina-freezes-prices-break-inflation-spiral
MB120	REUTERS	2013-03-13 19:22:40+00:00	UPDATE 1-Argentina reports February inflation slows to 0.5 pct	http://www.reuters.com/article/2013/03/13/argentina-economy-inflation-idUSL1N0C5CKT20130313
MB120	BBC	2013-02-04 19:59:12+00:00	Argentina pegs supermarket price rises for two months	http://www.bbc.co.uk/news/business-21331052
MB120	REUTERS	2013-02-02 02:16:04+00:00	IMF reprimands Argentina for inaccurate economic data	http://www.reuters.com/article/2013/02/02/us-imf-argentina-idUSBRE91019920130202
MB120	REUTERS	2013-03-10 15:44:58+00:00	Brazil's Vale likely to cancel $5.9 bln mine in Argentina -Folha	http://www.reuters.com/article/2013/03/10/vale-argentina-riocolorado-idUSL1N0C20NW20130310
MB120	REUTERS	2013-03-16 16:29:34+00:00	Argentina's dictatorship economy chief Martinez de Hoz dies	http://www.reuters.com/article/2013/03/16/argentina-martinezdehoz-idUSL1N0BZFD520130316
MB120	REUTERS	2013-03-15 22:01:09+00:00	UPDATE 2-Argentina says GDP grew 2.1 pct in Q4 2012	http://www.reuters.com/article/2013/03/15/argentina-economy-gdp-idUSL1N0C7BNX20130315
MB120	REUTERS	2013-03-06 02:00:51+00:00	IMF, World Bank visit Argentina for financial system checkup	http://www.reuters.com/article/2013/03/06/us-imf-argentina-idUSBRE92503T20130306
MB120	REUTERS	2013-02-02 02:13:12+00:00	UPDATE 3-IMF reprimands Argentina for inaccurate economic data	http://www.reuters.com/article/2013/02/02/imf-argentina-idUSL1N0B1IKP20130202
MB123	AP	2013-03-06 05:00:00+00:00	Curiosity sleeps as solar blast races toward Mars	http://bigstory.ap.org/article/curiosity-sleeps-solar-blast-races-toward-mars
MB123	BBC	2013-02-07 02:17:28+00:00	UK 'can cope with solar superstorm'	http://www.bbc.co.uk/news/science-environment-21357909
MB123	BBC	2013-02-07 10:18:58+00:00	UK can deal with solar superstorm, experts say	http://www.bbc.co.uk/newsround/21364225
MB123	REUTERS	2013-02-20 22:23:13+00:00	Mini planet found far beyond Earth's solar system	http://uk.reuters.com/article/2013/02/20/us-space-planets-idUKBRE91J1BV20130220
MB123	REUTERS	2013-02-05 03:04:29+00:00	Australian solar consortium plans offshore sukuk	http://www.reuters.com/article/2013/02/05/islamic-sukuk-solar-idUSL5N0B10QB20130205
MB123	REUTERS	2013-02-19 13:02:07+00:00	Solar Power Looks Sunny in 2013 - Research Report on First Solar, Inc., SunPower Corporation, Trina Solar Limited, SolarCity Corp and NRG Energy Inc	http://www.reuters.com/article/2013/02/19/bc-national-traders-asso-idUSnPn2194477+100+PRN20130219
MB123	REUTERS	2013-03-05 14:00:03+00:00	Sharp Solar US Names Soligent as Master Distributor	http://www.reuters.com/article/2013/03/05/ca-soligent-idUSnBwbk0Brca+108+BSW20130305
MB123	REUTERS	2013-02-28 12:00:46+00:00	VDE Americas Enters North American Market to Meet Investor Demand for Solar PV Power Plant Quality Assurance	http://www.reuters.com/article/2013/02/28/ca-vde-americas-idUSnPnSF68314+160+PRN20130228
MB125	USATODAY	2013-02-04 00:50:00+00:00	Could Affleck's 'Argo' be inescapable at Oscars?	http://www.usatoday.com/LIFE/usaedition/2013-02-04-Directors-Guild_ST_U.htm
MB125	REUTERS	2013-02-03 09:54:05+00:00	Affleck wins directors award as 'Argo' hurtles to Oscars	http://www.reuters.com/article/2013/02/03/entertainment-us-directorsguild-idUSBRE91203820130203
MB125	AP	2013-02-24 05:00:00+00:00	'Argo' takes best picture at the Oscars	http://bigstory.ap.org/article/argo-takes-best-picture-oscars
MB125	REUTERS	2013-02-03 08:09:38+00:00	Affleck wins directors' top award as 'Argo' hurtles toward Oscars	http://www.reuters.com/article/2013/02/03/film-directorsguild-idUSL1N0B30MU20130203
MB125	REUTERS	2013-02-03 09:49:05+00:00	UPDATE 1-Affleck wins directors award as 'Argo' hurtles to Oscars	http://www.reuters.com/article/2013/02/03/film-directorsguild-idUSL5N0B31UG20130203
MB125	REUTERS	2013-02-20 13:55:11+00:00	Oscars in Hollywood cliffhanger over Best Picture, Director	http://www.reuters.com/article/2013/02/20/entertainment-us-oscars-bestpicture-idUSBRE91J0NB20130220
MB125	BBC	2013-02-25 12:07:55+00:00	Reporter's log: Oscars 2013	http://www.bbc.co.uk/news/entertainment-arts-21544910
MB125	USATODAY	2013-02-21 23:09:16+00:00	Claudia Puig calls it: Who will/should win the Oscars	http://www.usatoday.com/story/life/movies/2013/02/21/claudia-puig-picks-oscar-ballot/1921583/
MB125	AP	2013-02-24 05:00:00+00:00	Oscars have clear favorites, wild-card MacFarlane	http://bigstory.ap.org/article/oscars-have-clear-favorites-wild-card-macfarlane
MB126	PARSE_ERROR	USATODAY	Pitbull - Latest World & National News & Headlines - USATODAY.com	http://phxux.usatoday.com/topic/a7c31d5d-4113-49e9-9ed1-e96295beb787/pitbull/
MB127	REUTERS	2013-02-14 23:07:10+00:00	Democrats decry delay in vote for Hagel as defense chief	http://www.reuters.com/article/2013/02/14/us-obama-nominations-hagel-idUSBRE91C1K320130214
MB127	USATODAY	2013-02-14 22:54:51+00:00	Senate blocks Hagel nomination - for now	http://www.usatoday.com/story/news/politics/2013/02/14/hagel-senate-defense-filibuster/1920525/
MB127	AP	2013-02-14 05:00:00+00:00	Filibuster or not? GOP slow-walks Hagel nomination	http://bigstory.ap.org/article/filibuster-or-not-gop-slow-walks-hagel-nomination
MB127	USATODAY	2013-02-13 21:03:33+00:00	Senate gets ready for Chuck Hagel showdown	http://www.usatoday.com/story/news/politics/2013/02/13/hagel-defense-secretary-susan-collins/1917369/
MB127	USATODAY	2013-02-12 20:20:01+00:00	Senate panel approves Hagel nomination	http://www.usatoday.com/story/news/politics/2013/02/12/hagel-confirm-defense-democrats-obama/1913691/
MB127	REUTERS	2013-02-26 23:55:03+00:00	Senate approves Hagel as new secretary of defense	http://www.reuters.com/article/2013/02/26/us-obama-nominations-hagel-idUSBRE91P0ME20130226
MB127	AP	2013-02-15 05:00:00+00:00	Hagel stalled, but confirmation still expected	http://bigstory.ap.org/article/hagel-stalled-confirmation-still-expected
MB127	AP	2013-02-14 05:00:00+00:00	Senate GOP blocks Hagel vote for now	http://bigstory.ap.org/article/gop-senators-may-delay-hagel-vote-over-benghazi
MB127	AP	2013-02-21 05:00:00+00:00	Hagel has enough support for defense secretary	http://bigstory.ap.org/article/gop-senator-signals-support-hagel-nomination
MB127	REUTERS	2013-02-15 01:03:41+00:00	Republicans block vote on Obama's defense nominee, Hagel	http://www.reuters.com/article/2013/02/15/us-obama-nominations-hagel-idUSBRE91C1K320130215
MB129	USATODAY	2013-03-12 17:21:24+00:00	Angry Birds get their own cartoon network	http://www.usatoday.com/story/tech/gaming/2013/03/12/angry-birds-cartoons-coming/1982123/
MB129	USATODAY	2013-02-26 19:08:13+00:00	'Angry Birds' cartoon launching next month	http://www.usatoday.com/story/tech/gaming/2013/02/26/angry-birds-cartoon/1949115/
MB129	REUTERS	2013-03-12 13:35:27+00:00	Angry Birds cartoons head for TV screens	http://www.reuters.com/article/2013/03/12/entertainment-us-angrybirds-idUSBRE92B0JW20130312
MB129	USATODAY	2013-03-11 13:15:14+00:00	'Angry Birds' attraction to launch at Kennedy Space Center	http://www.usatoday.com/story/dispatches/2013/03/11/angry-birds-attraction-to-launch-at-kennedy-space-center/1977047/
MB130	USATODAY	2013-02-02 19:03:21+00:00	Postal Service lawyer claims immunity from traffic laws	http://www.usatoday.com/story/news/nation/2013/02/02/postal-service-traffic-laws/1885995/
MB132	USATODAY	2013-02-15 14:49:24+00:00	Russian meteor likely unconnected to asteroid flyby	http://www.usatoday.com/story/tech/sciencefair/2013/02/15/russian-meteor-blast/1922219/
MB132	REUTERS	2013-02-15 23:15:09+00:00	In a rarity, a meteor hit and an asteroid near-miss on same day	http://www.reuters.com/article/2013/02/15/us-space-asteroid-idUSBRE91E17O20130215
MB132	BBC	2013-02-15 12:47:26+00:00	Q&A: Asteroid and comet impacts	http://www.bbc.co.uk/news/science-environment-21413066
MB132	BBC	2013-02-15 19:28:13+00:00	Asteroid 2012 DA14 in record-breaking Earth pass	http://www.bbc.co.uk/news/science-environment-21442863
MB132	USATODAY	2013-02-15 17:42:42+00:00	What if an asteroid were really headed our way?	http://www.usatoday.com/story/tech/columnist/vergano/2013/02/15/asteroid-civil-defense/1920553/
MB132	BBC	2013-02-15 02:55:57+00:00	Asteroid, Russian meteor: Can we know about every ...	http://www.bbc.co.uk/news/science-environment-21459861
MB132	REUTERS	2013-02-15 23:20:27+00:00	In a rarity, a meteor hit and an asteroid near-miss on same day ...	http://uk.reuters.com/article/2013/02/15/uk-space-asteroid-idUKBRE91E18520130215
MB132	USATODAY	2013-02-15 17:58:18+00:00	Close call? Kind of, as asteroid hurtles past Earth	http://www.usatoday.com/story/tech/world/2013/02/15/asteroid-flyby/1922909/
MB132	USATODAY	2013-02-13 00:09:54+00:00	Astronomer: Asteroid strike in 2106 looks unlikely	http://www.usatoday.com/story/tech/sciencefair/2013/02/12/asteroid-2106-relax/1914255/
MB132	REUTERS	2013-02-08 09:56:51+00:00	Asteroid may have killed dinosaurs quicker than scientists thought	http://www.reuters.com/article/2013/02/08/us-space-asteroid-dinosaurs-idUSBRE91618A20130208
MB133	REUTERS	2013-02-10 22:44:33+00:00	Five crew killed in Canaries cruise ship safety drill	http://www.reuters.com/article/2013/02/10/us-spain-cruise-idUSBRE91907J20130210
MB133	REUTERS	2013-03-13 10:51:54+00:00	Carnival puts cruise fleet under microscope after ship fire	http://www.reuters.com/article/2013/03/13/uk-usa-cruise-idUSLNE92C00F20130313
MB133	USATODAY	2013-02-06 15:38:14+00:00	Are cruise ships ruining historic ports?	http://www.usatoday.com/story/travel/cruises/2013/02/06/charleston-cruise-ship-historic-ports/1895763/
MB133	BBC	2013-02-10 22:36:33+00:00	Cruise ship accident: 'Question mark over lifeboat safety'	http://www.bbc.co.uk/news/world-europe-21406512
MB133	AP	2013-02-19 05:00:00+00:00	No central agency oversees, inspects cruise ships	http://bigstory.ap.org/article/no-central-agency-oversees-inspects-cruise-ships-0
MB133	BBC	2013-02-10 22:36:33+00:00	Cruise ship accident: 'Question mark over lifeboat safety'	http://www.bbc.com/news/world-europe-21406512
MB133	REUTERS	2013-02-10 16:27:08+00:00	RPT-Five crew killed in cruise ship safety drill	http://www.reuters.com/article/2013/02/10/spain-cruise-idUSL5N0BA3CY20130210
MB133	AP	2013-02-18 05:00:00+00:00	Coast Guard: Cause of cruise ship fire was a leak	http://bigstory.ap.org/article/coast-guard-cause-cruise-ship-fire-was-leak
MB133	USATODAY	2013-02-28 03:23:19+00:00	Cruise industry outgrows scrutiny: Our view	http://www.usatoday.com/story/opinion/2013/02/27/cruise-ships-carnival-triumph/1952837/
MB133	USATODAY	2013-02-18 01:25:00+00:00	TRAVEL Will passengers abandon cruise ships?	http://www.usatoday.com/MONEY/usaedition/2013-02-18-Carnival-Triumph-falloutUSABrd2_ST_U.htm
MB134	BBC	2013-02-25 13:52:49+00:00	TV stars pay tribute to Blandings pig actor The Empress ...	http://www.bbc.co.uk/news/uk-northern-ireland-21571581
MB134	USATODAY	2013-02-20 18:27:03+00:00	'The Hobbit' leads Saturn Awards with nine nominations	http://www.usatoday.com/story/life/movies/2013/02/20/the-hobbit-saturn-awards-movie-tv-nominations/1933067/
MB134	BBC	2013-03-22 01:28:54+00:00	BBC TV Centre: Goodbye to the 'dream factory'	http://www.bbc.co.uk/news/entertainment-arts-21828033
PARSE_ERROR	BBC	BBC One - Penguins - Spy in the Huddle	http://www.bbc.co.uk/programmes/p01460gm
MB134	BBC	2013-02-25 13:52:49+00:00	TV stars pay tribute to Blandings pig actor The Empress ...	http://www.bbc.com/news/uk-northern-ireland-21571581
PARSE_ERROR	BBC	BBC - Blogs - TV blog - When Albums Ruled The World: The LP's ...	http://www.bbc.co.uk/blogs/tv/posts/When-Albums-Ruled-The-World
PARSE_ERROR	BBC	BBC - Blogs - About the BBC - BBC Studios at Television Centre ...	http://www.bbc.co.uk/blogs/aboutthebbc/posts/BBC-Studios-at-Television-Centre-from-2015
PARSE_ERROR	BBC	BBC - Blogs - TV blog - Chivalry And Betrayal: The Hundred Years ...	http://www.bbc.co.uk/blogs/tv/posts/The-Hundred-Years-War?comments_page=3
PARSE_ERROR	BBC	BBC - Blogs - About the BBC - Iraq 10 years on	http://www.bbc.co.uk/blogs/aboutthebbc/posts/Iraq-10-years-on
MB136	USATODAY	2013-03-17 19:38:47+00:00	Has A&E gone psycho with 'Bates Motel'?	http://www.usatoday.com/story/life/tv/2013/03/17/bianco-review-bates-motel-march-19/1991099/
PARSE_ERROR	BBC	BBC Radio 4 - Today, 26/03/2013, Savile suspect: 'Inquiry has gone ...	http://www.bbc.co.uk/programmes/p016w713
MB136	BBC	2013-02-25 12:58:21+00:00	Catherine Gowing's sister: 'Her light is gone'	http://www.bbc.co.uk/news/uk-21577145
MB136	AP	2013-02-05 05:00:00+00:00	Headaches gone, Bright aims for 3 events in Sochi	http://summergames.ap.org/herald-review/article/headaches-gone-bright-aims-3-events-sochi
MB137	USATODAY	2013-02-04 16:49:09+00:00	Beyonce did not cause Superdome's Super Bowl blackout	http://www.usatoday.com/story/sports/nfl/2013/02/04/super-bowl-superdome-blackout-beyonce/1890419/
MB137	AP	2013-02-04 05:00:00+00:00	NFL: Beyonce not the cause of Super Bowl blackout	http://bigstory.ap.org/article/following-super-bowl-beyonce-announces-world-tour
MB137	USATODAY	2013-02-04 22:33:50+00:00	'Blackout Bowl' cause remains unclear	http://www.usatoday.com/media/cinematic/video/1891551/
MB138	REUTERS	2013-03-11 23:17:14+00:00	Judge blocks New York City large-soda ban, Mayor Bloomberg vows fight	http://www.reuters.com/article/2013/03/11/us-sodaban-lawsuit-idUSBRE92A0YR20130311
MB138	BBC	2013-03-11 22:45:10+00:00	New York City large-soda ban blocked by judge	http://www.bbc.com/news/world-us-canada-21747568
MB138	BBC	2013-03-11 22:45:10+00:00	New York City large-soda ban blocked by judge	http://www.bbc.co.uk/news/world-us-canada-21747568
MB138	REUTERS	2013-03-13 23:07:31+00:00	New York City's appeal of soda ban ruling to be heard in June	http://www.reuters.com/article/2013/03/13/us-sodaban-lawsuit-appeal-idUSBRE92C1GF20130313
MB138	REUTERS	2013-03-11 22:13:32+00:00	New York City mayor says confident will win appeal on soda ban	http://www.reuters.com/article/2013/03/11/us-sodaban-lawsuit-bloomberg-idUSBRE92A13A20130311
MB138	BBC	2013-03-11 22:29:52+00:00	New York mayor to appeal against large-soda ban court block	http://www.bbc.com/news/world-us-canada-21750048
MB138	REUTERS	2013-03-13 23:07:31+00:00	New York City's appeal of soda ban ruling to be heard in June ...	http://uk.reuters.com/article/2013/03/13/us-sodaban-lawsuit-appeal-idUKBRE92C1GF20130313
MB140	BBC	2013-02-05 22:37:30+00:00	York fights Leicester for right to Richard III remains	http://www.bbc.co.uk/news/uk-england-21336248
MB140	REUTERS	2013-02-04 00:00:00+00:00	After 500 years, Richard III's bones yield their secret ...	http://uk.reuters.com/video/2013/02/04/after-500-years-richard-iiis-bones-yield?videoId=240934685
MB140	REUTERS	2013-02-04 00:00:00+00:00	After 500 years, Richard III's bones yield their secret	http://www.reuters.com/video/2013/02/04/after-500-years-richard-iiis-bones-yield?videoId=240934685
MB141	USATODAY	2013-03-23 11:03:23+00:00	Don't ask Ashton Kutcher about Mila Kunis	http://www.usatoday.com/story/life/people/2013/03/23/ashton-kutcher-romance-private/2012549/
MB141	AP	2013-02-28 05:00:00+00:00	Mila Kunis - The Big Story - Associated Press	http://bigstory.ap.org/photo/mila-kunis
MB141	PARSE_ERROR	USATODAY	Mila Kunis - Tag Story Index - USATODAY.com	http://content.usatoday.com/community/tags/topic.aspx?req=tag&pg=2&tag=Mila%20Kunis
MB142	REUTERS	2013-03-24 13:37:43+00:00	Kerry tells Iraq's Maliki Iranian overflights to Syria problematic	http://www.reuters.com/article/2013/03/24/us-iraq-kerry-idUSBRE92N09P20130324
MB142	REUTERS	2013-03-14 18:02:51+00:00	Israel sees 50,000 Syrian fighters backed by Iranian	http://www.reuters.com/article/2013/03/14/us-syria-iran-israel-idUSBRE92D0ZR20130314
MB142	REUTERS	2013-02-14 16:27:29+00:00	Arabs rap Iranian call for atom talks to take in Bahrain,Syria	http://www.reuters.com/article/2013/02/14/us-iran-nuclear-gcc-idUSBRE91D0ZE20130214
MB142	REUTERS	2013-02-02 20:35:24+00:00	Yemen says intercepted ship carrying weapons was Iranian	http://www.reuters.com/article/2013/02/02/yemen-iran-arms-idUSL5N0B22GC20130202
MB142	REUTERS	2013-03-11 19:05:27+00:00	Pakistan starts work on Iranian gas line opposed by U.S.	http://www.reuters.com/article/comments/idUSBRE92A09X20130311
MB142	REUTERS	2013-02-06 22:22:34+00:00	U.S. sanctions Iranian broadcasters, locks up oil revenues	http://uk.reuters.com/article/2013/02/06/us-usa-iran-broadcasters-idUSBRE9150VE20130206
MB142	REUTERS	2013-02-21 16:14:41+00:00	Analysis: Power struggle, not nuclear deal, priority for Iranian elite	http://www.reuters.com/article/2013/02/21/us-iran-nuclear-politics-idUSBRE91K0TA20130221
MB142	REUTERS	2013-03-04 18:07:41+00:00	Trafigura says supplied Iranian firm linked by EU to atomic work ...	http://uk.reuters.com/article/2013/03/04/iran-sanctions-trafigura-idUKL6N0BWK8Q20130304
MB143	AP	2013-03-05 05:00:00+00:00	Valcke hints Maracana is FIFA's biggest concern	http://bigstory.ap.org/article/valcke-hints-maracana-fifas-biggest-concern
MB145	USATODAY	2013-03-11 22:48:55+00:00	National Park Service prepares for sequester cuts	http://www.usatoday.com/story/news/nation/2013/03/11/national-parks-sequestration-cuts/1979597/
MB145	USATODAY	2013-02-21 16:21:39+00:00	National Parks could be hard hit by sequestration cuts	http://www.usatoday.com/story/news/nation/2013/02/21/sequestration-national-parks/1935679/
PARSE_ERROR	AP	National Parks Sequestration - The Big Story - Associated Press	http://bigstory.ap.org/photo/national-parks-sequestration
MB145	AP	2013-02-22 05:00:00+00:00	National park cuts detailed in memo	http://bigstory.ap.org/article/apnewsbreak-national-park-cuts-detailed-memo
MB145	AP	2013-02-22 05:00:00+00:00	Memo details cuts in operations at national parks ...	http://bigstory.ap.org/article/apnewsbreak-memo-details-cuts-operations-national-parks-expected-sequestration
MB145	BBC	2013-02-27 03:32:03+00:00	US national parks under threat : National Parks, USA	http://www.bbc.com/travel/blog/20130227-us-national-parks-under-threat
MB145	REUTERS	2013-02-20 15:01:41+00:00	New Details Emerge: How Sequestration Will Hurt Visitors To America's Top National Parks	http://www.reuters.com/article/2013/02/20/cnpsr-parks-visitors-idUSnPnDC63158+160+PRN20130220
MB145	PARSE_ERROR	USATODAY	Bill Nelson - Latest World & National News & Headlines ...	http://phxux.usatoday.com/topic/f29564b8-fbe2-47dd-b8fb-e3656339650a/bill-nelson/
MB145	PARSE_ERROR	USATODAY	Rob Andrews - Latest World & National News & Headlines ...	http://ux-origin.usatoday.com/topic/59900450-827d-4e36-bac3-d429647dd383/rob-andrews/
MB146	USATODAY	2013-03-19 20:07:31+00:00	Whole Foods GMO labeling a 'game changer'	http://www.usatoday.com/story/opinion/2013/03/19/whole-foods-labeling/2000313/
MB146	AP	2013-03-08 05:00:00+00:00	Whole Foods: Products will carry GMO labeling	http://bigstory.ap.org/article/whole-foods-products-will-carry-gmo-labeling
MB146	REUTERS	2013-03-19 15:45:18+00:00	Natural Products Association Calls for National Standard on GMO Labeling	http://www.reuters.com/article/2013/03/19/npa-gmo-labeling-idUSnPnDC79724+160+PRN20130319
MB146	REUTERS	2013-03-08 19:24:37+00:00	Whole Foods: GMO disclosure labels on all its food by 2018	http://www.reuters.com/article/2013/03/08/wholefoods-gmo-idUSL1N0C0CFF20130308
MB146	REUTERS	2013-03-12 16:29:16+00:00	Hain Celestial Supports Mandatory GMO Labeling<HAIN.O>	http://www.reuters.com/article/2013/03/12/hain-celest-gmo-label-idUSnPnNY75587+160+PRN20130312
MB146	AP	2013-03-08 05:00:00+00:00	News Summary: Whole Foods to require GMO labels	http://bigstory.ap.org/article/news-summary-whole-foods-require-gmo-labels
MB146	REUTERS	2013-03-08 17:00:04+00:00	Whole Foods Market© commits to full GMO transparency<WFM.O>	http://www.reuters.com/article/2013/03/08/ca-whole-foods-market-idUSnPnDA73547+160+PRN20130308
MB146	REUTERS	2013-02-11 13:00:14+00:00	Vitacost Launches Non-GMO Storefront<VITC.O>	http://www.reuters.com/article/2013/02/11/idUSnGNXUXDGUa+1fe+GNW20130211
MB148	BBC	2013-03-18 20:46:46+00:00	Cyprus told it can amend bailout, as key vote postponed	http://www.bbc.co.uk/news/world-europe-21827160
MB148	BBC	2013-03-19 11:05:29+00:00	Cyprus bailout: Who messed up?	http://www.bbc.co.uk/news/world-europe-21842036
MB148	AP	2013-03-24 04:00:00+00:00	Cyprus secures bailout, avoids bankruptcy	http://bigstory.ap.org/article/eu-chief-try-get-last-minute-cyprus-deal
MB148	BBC	2013-03-18 17:12:12+00:00	Cyprus bailout: British pension payments delayed	http://www.bbc.co.uk/news/uk-politics-21832594
MB148	REUTERS	2013-03-22 23:10:28+00:00	Cyprus closes in on EU bailout, U-turn on levy	http://www.reuters.com/article/2013/03/22/us-cyprus-parliament-idUSBRE92G03I20130322
MB148	AP	2013-03-22 04:00:00+00:00	Cyprus lawmakers approve key bills for bailout	http://bigstory.ap.org/article/cyprus-lawmakers-work-economy-saving-plan
MB148	USATODAY	2013-03-21 22:54:15+00:00	Cyprus rushes bailout plan, bank lines grow	http://www.usatoday.com/story/money/business/2013/03/21/cyprus-rushes-bailout-plan/2007479/
MB148	BBC	2013-03-18 21:15:19+00:00	Cyprus told it can amend bailout, as key vote postponed	http://www.bbc.co.uk/news/world-europe-21832187
MB148	BBC	2013-03-20 03:26:29+00:00	Cyprus warned over parliament's bailout rejection	http://www.bbc.co.uk/news/world-europe-21854353
MB148	REUTERS	2013-03-26 22:50:20+00:00	Cyprus readies capital controls to avert bank run	http://www.reuters.com/article/2013/03/26/us-cyprus-parliament-idUSBRE92G03I20130326
PARSE_ERROR	REUTERS	Officers & Directors	http://uk.reuters.com/business/quotes/companyOfficers?symbol=THST.OQ
MB150	BBC	2013-03-11 13:47:40+00:00	Boost for UK biotech industry	http://www.bbc.co.uk/news/business-21744654
PARSE_ERROR	REUTERS	Officers & Directors	http://uk.reuters.com/business/quotes/companyOfficers?symbol=0828.BE
MB150	BBC	2013-03-01 04:01:39+00:00	Call for UK-wide 50p per unit price	http://www.bbc.co.uk/news/health-21621144
MB150	BBC	2013-03-08 11:27:43+00:00	Coal 'still critical' to UK energy industry	http://www.bbc.com/news/business-21713968
MB150	BBC	2013-02-11 10:58:29+00:00	Michael Grade: UK film industry 'brilliant at creating ...	http://www.bbc.com/news/business-21410373
MB150	BBC	2013-03-11 13:47:40+00:00	Boost for UK biotech industry	http://www.bbc.com/news/business-21744654
MB150	BBC	2013-03-14 09:36:57+00:00	Could regenerative medicine help heal UK economy?	http://www.bbc.com/news/business-21776285
MB150	REUTERS	2013-02-15 00:00:00+00:00	UK wool returns as fashion favourite	http://www.reuters.com/video/2013/02/15/uk-wool-returns-as-fashion-favourite?videoId=241147228
MB150	REUTERS	2013-02-13 00:00:00+00:00	Loss of AAA rating "fully priced in":  UK debt chief	http://www.reuters.com/video/2013/02/13/loss-of-aaa-rating-fully-priced-in-uk-de?videoId=241093013
MB151	USATODAY	2013-02-02 16:36:45+00:00	Conservatives make gun issue new rallying cry	http://www.usatoday.com/story/news/nation/2013/02/02/conservatives-gun-rallying-cry/1885779/
MB151	REUTERS	2013-02-03 01:28:52+00:00	Chicago marchers urge Obama to come home to address gun violence	http://www.reuters.com/article/comments/idUSBRE91200X20130203
MB152	AP	2013-02-01 05:00:00+00:00	Minister: Iceland refused to help FBI on WikiLeaks	http://bigstory.ap.org/article/minister-iceland-refused-fbi-aid-over-wikileaks
MB155	AP	2013-03-20 04:00:00+00:00	Obama skeptical of Assad claim on chemical weapons	http://bigstory.ap.org/article/obama-skeptical-assad-claims-chem-weapons
MB155	USATODAY	2013-03-20 19:48:16+00:00	Obama on Syria: Chem weapons a 'game-changer'	http://www.usatoday.com/videos/news/world/2013/03/20/2003809/
MB155	REUTERS	2013-03-20 23:25:23+00:00	After Israeli backslapping, Obama faces Palestinian discontent	http://www.reuters.com/article/2013/03/20/us-israel-palestinians-obama-idUSBRE92J01X20130320
MB155	AP	2013-03-20 04:00:00+00:00	Obama, Netanyahu show solidarity on Iran	http://bigstory.ap.org/article/obama-set-plunge-roiling-mideast-waters
MB155	AP	2013-02-06 05:00:00+00:00	US: Obama regional agenda 'urgent' on Israel visit	http://bigstory.ap.org/article/us-obama-peace-agenda-urgent-israel-visit
MB155	BBC	2013-03-20 22:22:24+00:00	US and Israel talk tough on Iran during Obama visit	http://www.bbc.co.uk/news/world-middle-east-21871358
MB155	USATODAY	2013-03-14 22:59:02+00:00	Obama's Mideast visit: Difficult time, low expectations	http://www.usatoday.com/story/news/politics/2013/03/14/obama-israel-jordan-syria/1988459/
MB155	BBC	2013-03-20 17:04:15+00:00	Obama vows Israeli friendship on first visit as president	http://www.bbc.co.uk/news/world-middle-east-21854164
MB155	REUTERS	2013-03-04 23:10:45+00:00	Biden, Netanyahu set tone on Iran for Obama visit to Israel	http://www.reuters.com/article/2013/03/04/us-israel-iran-netanyahu-idUSBRE92312720130304
MB155	USATODAY	2013-03-20 08:30:13+00:00	Obama, Netanyahu united in preventing nuclear-armed Iran	http://www.usatoday.com/story/news/world/2013/03/20/obama-peace-mideast-nuclear-iran-israel-west-bank/2001931/
MB156	USATODAY	2013-02-01 22:16:13+00:00	Barney Bush passes away	http://www.usatoday.com/story/theoval/2013/02/01/george-w-bush-laura-bush-barney/1884813/
MB156	AP	2013-02-08 05:00:00+00:00	Bush family emails, photos apparently hacked	http://bigstory.ap.org/article/bush-family-emails-photos-apparently-hacked
MB156	AP	2013-02-03 05:00:00+00:00	CeeLo, Kyle Bush, others party for Super Bowl	http://bigstory.ap.org/article/ceelo-kyle-bush-others-party-super-bowl
MB157	USATODAY	2013-03-26 15:50:51+00:00	Kim Kardashian's first pair of flats: Uncomfortable!"	http://www.usatoday.com/story/life/people/2013/03/26/kim-kardashians-first-pair-of-flats-uncomfortable/2020591/
MB157	USATODAY	2013-03-27 18:04:55+00:00	Kim Kardashian assures, 'Right now I feel great'	http://www.usatoday.com/story/life/people/2013/03/27/kim-kardashian-dujour-lunch/2025293/
MB159	REUTERS	2013-02-06 11:40:08+00:00	Ellen MacArthur Foundation Launches Global Business Alliance: The Circular Economy 100	http://www.reuters.com/article/2013/02/06/idUSnPreTWK8ga+138+PRN20130206
MB159	REUTERS	2013-02-26 17:25:04+00:00	Tarkett joins the Circular Economy 100 program of the Ellen MacArthur Foundation	http://www.reuters.com/article/2013/02/26/oh-tarkett-circular-idUSnPnCL66797+160+PRN20130226
MB160	BBC	2013-02-05 09:53:26+00:00	What every parent should know about social media	http://www.bbc.co.uk/news/education-21293438
MB160	REUTERS	2013-03-21 14:46:04+00:00	HCCS Releases New Social Media Online Training Course	http://www.reuters.com/article/2013/03/21/hlthcare-social-media-idUSnPnNY80857+160+PRN20130321
MB160	REUTERS	2013-03-18 11:00:05+00:00	Angeldorm Launches Social Media College Funding Service	http://www.reuters.com/article/2013/03/18/ny-angeldorm-launch-idUSnPnNY77923+160+PRN20130318
MB160	REUTERS	2013-03-20 12:05:00+00:00	Social Media Gets Its Own Month; TeleTech Dedicates March to Sharing Social Media Best Practices for Brands<TTEC.O>	http://www.reuters.com/article/2013/03/20/co-teletech-idUSnBw48vKQza+10c+BSW20130320
MB160	REUTERS	2013-02-19 16:35:48+00:00	Brandchats.com to Host Strategies in Social Business Webinar Series with Pioneers in Social Media Strategies	http://www.reuters.com/article/2013/02/19/brandchatscom-hosts-idUSnPnNE62150+160+PRN20130219
MB160	REUTERS	2013-02-22 18:15:00+00:00	Participant Media Locks Down Social Action Campaign for Snitch on Mandatory Minimum Drug Sentencing and Fair Sentencing of Youth	http://www.reuters.com/article/2013/02/22/ca-participant-media-idUSnBw5wVsWwa+114+BSW20130222
MB160	REUTERS	2013-03-08 21:05:00+00:00	Go Social: Got the Tux, but Can You Dance?<TTEC.O>	http://www.reuters.com/article/2013/03/08/co-teletech-idUSnBwdxLyMa+8a+BSW20130308
MB161	BBC	2013-02-05 01:05:56+00:00	Edinburgh scientists use 3D printing to produce stem cells	http://www.bbc.co.uk/news/uk-scotland-edinburgh-east-fife-21328109
MB161	BBC	2013-02-01 12:21:28+00:00	3D printed moon building designs revealed	http://www.bbc.co.uk/news/technology-21293258
PARSE_ERROR	BBC	BBC Two - Beneath the Lab Coat, Episode 2, Using 3D printing in ...	http://www.bbc.co.uk/programmes/p015g8rw
PARSE_ERROR	BBC	BBC - KS3 Physics - Using 3D printing in the fashion industry	http://www.bbc.co.uk/education/clips/z9t87ty
MB161	REUTERS	2013-03-06 20:23:57+00:00	Rethinking objects and form are key to 3D printing revolution	http://www.reuters.com/article/2013/03/06/us-3d-printing-idUSBRE9250OR20130306
MB161	BBC	2013-03-02 06:02:51+00:00	Gun parts made on 3D printer	http://www.bbc.co.uk/news/world-us-canada-21639015
MB161	BBC	2013-02-11 09:50:48+00:00	3D printing: A new dimension to faking it	http://www.bbc.com/future/story/20130208-a-new-dimension-to-faking-it
MB161	REUTERS	2013-02-15 01:21:21+00:00	Influential short-seller warns of bubble in 3D printers	http://www.reuters.com/article/2013/02/15/us-3dprinters-stocks-idUSBRE91E01S20130215
MB161	BBC	2013-03-12 17:04:12+00:00	3D printing is a 'shape changer' for jewellery industry	http://www.bbc.co.uk/news/technology-21574144
MB161	BBC	2013-03-12 17:04:12+00:00	3D printing is a 'shape changer' for jewellery industry	http://www.bbc.com/news/technology-21574144
MB164	BBC	2013-02-05 14:40:23+00:00	Skier Vonn sidelined after crash	http://www.bbc.co.uk/sport/0/winter-sports/21342202
MB164	BBC	2013-02-06 18:46:51+00:00	Lindsey Vonn aims for 2014 Winter Olympics return ...	http://www.bbc.co.uk/sport/0/winter-sports/21360441
MB164	BBC	2013-03-14 13:45:12+00:00	Lindsey Vonn wins record sixth downhill title despite injury	http://www.bbc.co.uk/sport/0/winter-sports/21788956
MB164	USATODAY	2013-02-06 13:36:55+00:00	Lindsey Vonn heading home, surgery expected next week	http://www.usatoday.com/story/sports/olympics/2013/02/06/lindsey-vonn-surgery-going-home-broken-leg-torn-knee-ligaments-us-skier/1895331/
MB164	USATODAY	2013-02-10 16:59:15+00:00	Americans struggle in downhill without Lindsey Vonn	http://www.usatoday.com/story/sports/olympics/2013/02/10/americans-struggle-without-lindsey-vonn-downhill/1906657/
MB166	REUTERS	2013-02-26 16:35:29+00:00	Maryland Live! Casino Is On A Roll!	http://www.reuters.com/article/2013/02/26/md-casino-table-games-idUSnPnPH66720+160+PRN20130226
MB166	REUTERS	2013-03-21 20:02:16+00:00	Maryland Live! Casino Generates Top Slot Revenue In Mid-Atlantic Gaming Market	http://www.reuters.com/article/2013/03/21/md-livecasino-revenu-idUSnPnPH81672+160+PRN20130321
MB167	USATODAY	2013-03-14 23:17:35+00:00	Ask Matt: Which stocks will sequestration hurt?	http://www.usatoday.com/story/money/columnist/krantz/2013/03/14/sequestration-stocks-defense-hurt/1963189/
MB167	USATODAY	2013-02-21 16:21:39+00:00	National Parks could be hard hit by sequestration cuts	http://www.usatoday.com/story/news/nation/2013/02/21/sequestration-national-parks/1935679/
MB167	USATODAY	2013-03-07 00:40:01+00:00	Sequestration complicates college aid notices	http://www.usatoday.com/story/news/nation/2013/03/06/sequestration-complicate-college-aid-notices/1969329/
MB167	USATODAY	2013-03-01 01:35:10+00:00	Sequestration will restore balance: Opposing view	http://www.usatoday.com/story/opinion/2013/02/28/sequestration-americans-for-prosperity/1955271/
MB167	USATODAY	2013-02-28 21:40:10+00:00	The hidden costs of sequestration: Save now, spend later	http://www.usatoday.com/story/news/politics/2013/02/28/hidden-costs-of-sequestration/1951759/
MB167	USATODAY	2013-02-21 23:07:03+00:00	Education Secretary decries sequestration	http://www.usatoday.com/story/news/nation/2013/02/21/education-secretary-arne-duncan-sequestration/1935697/
MB167	USATODAY	2013-02-25 16:52:38+00:00	Obama enlists governors' help on sequestration fix	http://www.usatoday.com/story/news/politics/2013/02/25/obama-biden-national-governors-association-sequester/1946023/
MB167	USATODAY	2013-03-13 22:27:24+00:00	FEMA: Sequestration won't affect payouts to Sandy victims	http://www.usatoday.com/story/news/nation/2013/03/13/fema-sandy-budget-sequestration-fugate/1985913/
MB167	USATODAY	2013-02-25 01:00:08+00:00	White House details sequestration cuts by state	http://www.usatoday.com/story/news/politics/2013/02/24/obama-sequester-state-by-state-mccain-pfeiffer/1943173/
MB167	USATODAY	2013-02-26 04:04:25+00:00	Science faces sequestration cuts	http://www.usatoday.com/story/tech/sciencefair/2013/02/25/budget-nih-collins/1947277/
MB168	AP	2013-03-05 05:00:00+00:00	Chavez death: Venezuelans in US hopeful of change	http://bigstory.ap.org/article/chavez-death-venezuelans-us-hopeful-change
MB168	AP	2013-03-07 05:00:00+00:00	Chavez's try to be savior of poor floundered in US	http://bigstory.ap.org/article/chavezs-try-be-savior-poor-floundered-us
MB168	AP	2013-03-06 05:00:00+00:00	Chavez death: Venezuelans in US hopeful of change	http://bigstory.ap.org/article/chavez-death-venezuelans-us-hopeful-change-0
MB168	AP	2013-03-05 05:00:00+00:00	Obama on Chavez: US supports Venezuelan people	http://bigstory.ap.org/article/obama-chavez-us-supports-venezuelan-people
MB168	REUTERS	2013-03-06 09:32:07+00:00	Iran declares day of mourning for anti-U.S. ally Chavez	http://www.reuters.com/article/2013/03/06/us-venezuela-chavez-iran-idUSBRE9250CQ20130306
MB168	AP	2013-03-13 04:00:00+00:00	Chavez death: Venezuelans in US ready for election	http://bigstory.ap.org/article/venezuelans-vow-travel-new-orleans-vote
MB168	BBC	2013-03-11 22:23:18+00:00	Venezuela diplomats expelled by US in tit-for-tat row	http://www.bbc.co.uk/news/world-latin-america-21749250
MB168	REUTERS	2013-03-17 18:38:36+00:00	Venezuela's Maduro accuses U.S. of plot to kill rival	http://www.reuters.com/article/2013/03/17/us-venezuela-election-idUSBRE92G0AR20130317
MB168	AP	2013-03-07 05:00:00+00:00	Oil price rises as US economy seen strengthening	http://bigstory.ap.org/article/oil-down-growing-crude-supplies
MB168	REUTERS	2013-03-14 16:05:25+00:00	Former U.S. officials deny Venezuelan leader's plot accusations	http://www.reuters.com/article/2013/03/14/us-venezuela-election-americans-idUSBRE92D0T720130314
MB170	BBC	2013-02-20 00:35:21+00:00	Tony Mendez, the real CIA spy in Argo	http://www.bbc.co.uk/news/magazine-21504409
MB170	PARSE_ERROR	USATODAY	Tony Mendez - Tag Story Index - USATODAY.com	http://content.usatoday.com/community/tags/topic.aspx?req=tag&tag=Tony%20Mendez
MB173	REUTERS	2013-02-27 21:19:13+00:00	Niacin-statin combo tied to skin, muscle side effects	http://www.reuters.com/article/2013/02/27/us-niacin-statin-idUSBRE91Q18620130227
MB173	REUTERS	2013-02-27 23:44:37+00:00	Niacin-statin combination tied to skin, muscle side effects	http://www.reuters.com/article/2013/02/27/merck-cholesterol-idUSL1N0BREGB20130227
PARSE_ERROR	BBC	BBC Radio Wales - Louise Elliott - Louise's Book Club	http://www.bbc.co.uk/programmes/articles/1c8RKWKdktM5Ycq6G724Ltn/louises-book-club
MB176	USATODAY	2013-02-13 18:14:37+00:00	Book Buzz: John Green to participate in Google+ Hangout with ...	http://www.usatoday.com/story/life/books/2013/02/13/book-buzz/1916495/
PARSE_ERROR	BBC	BBC Radio 4 - Ramblings, Series 23, The Walking Book Group	http://www.bbc.co.uk/programmes/b01qfj3g
MB176	PARSE_ERROR	USATODAY	Coolidge by Amity Shlaes: Book Review - USATODAY.com	http://books.usatoday.com/book/shlaes-coolidge-biography-revisits-the-%E2%80%98silent%E2%80%98-president/r850412
MB176	REUTERS	2013-02-27 13:30:01+00:00	Book the Trip of a Lifetime at AAA`s 10th Annual Travel Marketplace	http://www.reuters.com/article/2013/02/27/ri-aaa-southern-ne-idUSnBwbb6mkka+100+BSW20130227
MB176	PARSE_ERROR	USATODAY	Mary Coin by Marisa Silver: Book Review - USATODAY.com	http://books.usatoday.com/book/dorothea-langes-iconic-photograph-inspires-a-skillful-novel/r850653
MB176	USATODAY	2013-02-01 18:51:52+00:00	Terry Francona still going by the book	http://www.usatoday.com/story/sports/mlb/2013/02/01/terry--francona-red-sox-cleveland-indians-major-league-baseball/1881379/
MB176	PARSE_ERROR	USATODAY	After Visiting Friends: A Son's Story by Michael Hainey: Book ...	http://books.usatoday.com/book/%E2%80%98after-visiting-friends-chases-down-a-real-life-mystery/r850436
MB176	BBC	2013-02-15 01:09:05+00:00	Azeri writer Akram Aylisli hounded for 'pro-Armenian' book	http://www.bbc.com/news/world-europe-21459091
MB176	BBC	2013-02-12 13:06:23+00:00	Philippa Reynolds: Book of condolence opens in ...	http://www.bbc.com/news/uk-northern-ireland-21429918
MB177	BBC	2013-02-27 13:53:47+00:00	What 'hostage video' reveals about Nigeria's Boko Haram	http://www.bbc.co.uk/news/world-africa-21601578
MB178	BBC	2013-03-25 18:04:02+00:00	Tiger Woods back as world number one after Bay Hill win	http://www.bbc.co.uk/sport/0/golf/21930251
MB178	USATODAY	2013-03-10 22:45:19+00:00	Tiger Woods wraps up another win at Doral	http://www.usatoday.com/story/sports/golf/2013/03/10/tiger-woods-wgc-cadillac-championship-final-round-steve-stricker-phil-mickelson/1977145/
MB178	BBC	2013-03-26 17:25:14+00:00	Tiger Woods urges Rory McIlroy to win Houston Open	http://www.bbc.co.uk/sport/0/golf/21945330
MB178	USATODAY	2013-03-25 17:44:28+00:00	Tiger Woods wins at Bay Hill, returns to No. 1	http://www.usatoday.com/story/sports/golf/2013/03/25/tiger-woods-wins-arnold-palmer-invitational-monday/2017983/
MB178	USATODAY	2013-03-26 18:43:31+00:00	Nike's Tiger Woods ad draws critics	http://www.usatoday.com/story/money/business/2013/03/26/nikes-tiger-woods-ad-draws-critics/2021859/
MB178	BBC	2013-03-24 00:08:26+00:00	Tiger Woods closes in on world number one spot at Bay ...	http://www.bbc.co.uk/sport/0/golf/21914569
MB178	BBC	2013-03-21 11:18:41+00:00	Tiger Woods eyes world number one spot at Arnold ...	http://www.bbc.co.uk/sport/0/golf/21877755
MB181	AP	2013-02-25 05:00:00+00:00	Prosecutor seeks trial for Costa cruise ship capt	http://bigstory.ap.org/article/prosecutor-urges-trial-costa-cruise-ship-capt
MB181	PARSE_ERROR	USATODAY	Costa Concordia - Tag Story Index - USATODAY.com	http://content.usatoday.com/community/tags/topic.aspx?req=tag&tag=Costa%20Concordia
MB181	REUTERS	2013-02-02 00:00:00+00:00	Italy releases new video of Costa Concordia rescue	http://www.reuters.com/video/2013/02/02/italy-releases-new-video-of-costa-concor?videoId=240450337
MB181	PARSE_ERROR	USATODAY	Costa Cruises - Tag Story Index - USATODAY.com	http://usatoday30.usatoday.com/community/tags/topic.aspx?req=tag&tag=Costa+Cruises
MB182	BBC	2013-03-22 16:58:21+00:00	Nigerian author Chinua Achebe dies	http://www.bbc.co.uk/news/world-africa-21898664
MB182	BBC	2013-03-22 14:12:12+00:00	Chinua Achebe: Obituary of Nigeria's renowned author	http://www.bbc.co.uk/news/world-africa-21896414
MB182	USATODAY	2013-03-22 13:14:53+00:00	Agent: Author Chinua Achebe dies at 82	http://www.usatoday.com/story/life/books/2013/03/22/agent-author-chinua-achebe-dies-at-82/2009065/
PARSE_ERROR	BBC	BBC World Service - The Strand Archive, The death of Chinua Achebe	http://www.bbc.co.uk/programmes/p015sh93
MB182	USATODAY	2013-03-22 17:21:12+00:00	Appreciation: Chinua Achebe influenced writers around the world	http://www.usatoday.com/story/life/books/2013/03/22/chinua-achebe-author-of-things-fall-apart-dies-at-82/2009751/
MB182	REUTERS	2013-03-22 18:56:07+00:00	Grandfather of African literature, Chinua Achebe, dies aged 82	http://www.reuters.com/article/2013/03/22/entertainment-us-achebe-death-idUSBRE92L0FD20130322
PARSE_ERROR	BBC	BBC World Service - The Strand Archive, The death of Chinua ...	http://www.bbc.co.uk/programmes/p016qgz5
MB182	BBC	2013-03-22 14:06:15+00:00	Every African schoolchild grew up with Chinua Achebe'	http://www.bbc.co.uk/news/world-africa-21893530
MB182	AP	2013-03-22 04:00:00+00:00	Quotes by Chinua Achebe, dead at age 82	http://bigstory.ap.org/article/quotes-chinua-achebe-dead-age-82
MB182	USATODAY	2013-03-22 15:41:13+00:00	Book Buzz: Readers and writers reflect on Chinua Achebe's life	http://www.usatoday.com/story/life/books/2013/03/22/book-buzz-chinua-achebe-johnny-carson-tonight-show/2009597/
MB183	BBC	2013-03-02 18:34:46+00:00	Evernote says security has been breached by hackers	http://www.bbc.co.uk/news/technology-21644317
MB183	AP	2013-03-04 05:00:00+00:00	Evernote hacked: 50 million passwords reset	http://bigstory.ap.org/article/evernote-hacked-50-million-passwords-reset
MB183	REUTERS	2013-03-03 02:27:10+00:00	Evernote note-sharing service says hackers stole some user data	http://www.reuters.com/article/2013/03/03/net-us-hacking-evernote-idUSBRE92200X20130303
MB184	USATODAY	2013-03-11 17:51:03+00:00	Chavez's hand-picked successor registers in election	http://www.usatoday.com/story/news/world/2013/03/11/chavez-successor-registers-election/1979055/
MB184	AP	2013-03-11 04:00:00+00:00	Hand-picked Chavez successor registers in election	http://bigstory.ap.org/article/candidates-register-venezuelan-vote
MB184	REUTERS	2013-03-10 22:09:52+00:00	Venezuela election race starts, sources say Capriles to run	http://www.reuters.com/article/2013/03/10/us-venezuela-chavez-idUSBRE92405420130310
MB184	AP	2013-03-09 05:00:00+00:00	Venezuela sets presidential election for April 14	http://bigstory.ap.org/article/venezuela-announce-details-election
MB184	USATODAY	2013-03-09 14:52:15+00:00	Venezuela to hold presidential election on April 14	http://www.usatoday.com/story/news/world/2013/03/09/venezuela-details-election/1974977/
MB184	BBC	2013-03-10 02:45:49+00:00	Venezuela announces post-Chavez election date	http://www.bbc.co.uk/news/world-latin-america-21731336
MB184	AP	2013-03-13 04:00:00+00:00	Chavez death: Venezuelans in US ready for election	http://bigstory.ap.org/article/venezuelans-vow-travel-new-orleans-vote
MB184	BBC	2013-03-26 17:58:48+00:00	Venezuela readies for key post-Chavez election	http://www.bbc.co.uk/news/world-latin-america-21942617
MB184	BBC	2013-03-11 03:49:39+00:00	Venezuela opposition leader Capriles to stand in election	http://www.bbc.co.uk/news/world-latin-america-21737742
MB184	BBC	2013-03-10 02:40:16+00:00	Venezuela election scheduled for 14 April	http://www.bbc.co.uk/news/world-latin-america-21731526
MB185	REUTERS	2013-03-30 20:12:25+00:00	Giant panda artificially inseminated at U.S. National Zoo	http://www.reuters.com/article/2013/03/30/us-usa-pandas-idUSBRE92T09A20130330
MB185	AP	2013-03-30 04:00:00+00:00	National Zoo performs insemination on giant panda	http://bigstory.ap.org/article/national-zoo-performs-insemination-giant-panda
MB185	USATODAY	2013-03-31 12:03:32+00:00	National Zoo artificially inseminates giant panda	http://www.usatoday.com/videos/news/nation/2013/03/31/2039627/
MB185	USATODAY	2013-03-31 12:03:32+00:00	National Zoo artificially inseminates giant panda	http://www.usatoday.com/media/cinematic/video/2039627/national-zoo-artificially-inseminates-giant-panda/
MB185	AP	2013-03-27 04:00:00+00:00	Panda breeding season arrives at DC's National Zoo	http://bigstory.ap.org/article/panda-breeding-season-arrives-dcs-national-zoo
MB186	REUTERS	2013-03-15 01:03:53+00:00	Los Angeles to replace women's pickup shot up in Dorner manhunt	http://www.reuters.com/article/2013/03/15/us-usa-california-cop-idUSBRE92E02720130315
MB187	USATODAY	2013-03-28 18:23:58+00:00	Pope Francis washes feet of young detainees in ritual	http://www.usatoday.com/story/news/world/2013/03/28/pope-frances-washes-feet/2028595/
MB187	BBC	2013-03-28 20:06:33+00:00	Pope Francis washes prisoners' feet on Maundy Thursday	http://www.bbc.co.uk/news/world-europe-21963105
MB187	BBC	2013-03-28 21:03:01+00:00	Pope Francis washes prisoners' feet on Maundy Thursday	http://www.bbc.co.uk/news/world-21969980
MB187	REUTERS	2013-03-28 18:09:35+00:00	Pope includes women for first time in Holy Thursday rite	http://www.reuters.com/article/2013/03/28/us-pope-idUSBRE92R0B020130328
MB187	AP	2013-03-28 04:00:00+00:00	Pope washes women's feet in break with church law	http://bigstory.ap.org/article/pope-washes-feet-young-detainees-ritual
MB187	REUTERS	2013-03-28 00:00:00+00:00	Pope breaks with tradition, washes womens' feet	http://www.reuters.com/video/2013/03/28/pope-breaks-with-tradition-washes-womens?videoId=241914025
MB187	AP	2013-03-24 04:00:00+00:00	New pope opens Holy Week at Vatican on Palm Sunday	http://bigstory.ap.org/article/new-pope-opens-holy-week-vatican-palm-sunday
MB187	BBC	2013-03-24 10:47:48+00:00	Pope Francis to visit Brazil in July for youth festival	http://www.bbc.co.uk/news/world-europe-21914547
MB187	BBC	2013-03-14 17:51:01+00:00	Pope Francis warns Church could become ...	http://www.bbc.co.uk/news/world-europe-21793224
MB191	BBC	2013-02-19 22:41:36+00:00	Magdalene laundries: Irish Prime Minister issues apology	http://www.bbc.co.uk/news/world-europe-21510281
MB191	BBC	2013-02-05 18:25:51+00:00	Irish PM: Magdalene laundries product of harsh Ireland	http://www.bbc.co.uk/news/world-europe-21326221
MB191	BBC	2013-02-19 22:03:31+00:00	Magdalene laundries: Irish PM issues formal apology	http://www.bbc.co.uk/news/world-europe-21514044
MB191	REUTERS	2013-02-06 21:57:03+00:00	Irish PM called on to apologize for Magdalene Laundries	http://www.reuters.com/article/2013/02/06/us-ireland-laundries-pm-idUSBRE91519R20130206
MB191	BBC	2013-02-19 22:03:31+00:00	Magdalene laundries: Irish PM issues formal apology	http://www.bbc.com/news/world-europe-21514044
MB191	BBC	2013-02-19 07:29:16+00:00	Magdalene laundries: Irish government to debate report	http://www.bbc.co.uk/news/world-europe-21502779
MB191	BBC	2013-02-06 07:25:42+00:00	Magdalene laundries report to be raised in Irish ...	http://www.bbc.co.uk/news/world-europe-21348473
MB191	REUTERS	2013-02-19 20:01:05+00:00	Irish PM apologizes for national shame of Magdalene Laundries	http://www.reuters.com/article/2013/02/19/us-ireland-laundries-pm-idUSBRE91I14Y20130219
MB191	BBC	2013-02-05 18:51:08+00:00	Irish PM: Magdalene laundries product of harsh Ireland	http://www.bbc.co.uk/news/world-europe-21338890
MB191	REUTERS	2013-02-05 17:23:12+00:00	Irish state held responsible for Magdalene Laundries	http://uk.reuters.com/article/2013/02/05/uk-ireland-laundries-idUKBRE9140WL20130205
MB192	USATODAY	2013-02-09 00:44:18+00:00	Whooping cough may be becoming resistant to vaccines	http://www.usatoday.com/story/news/health/2013/02/08/whooping-cough-may-be-becoming-resistant-to-vaccines/1903439/
MB192	BBC	2013-02-01 10:42:13+00:00	Whooping cough cases 'falling'	http://www.bbc.co.uk/news/health-21292845
MB192	BBC	2013-03-01 12:39:00+00:00	Whooping cough outbreak cases fall	http://www.bbc.co.uk/news/health-21628910
PARSE_ERROR	BBC	Share: BBC News - Health, Whooping cough outbreak: Pregnant ...	http://www.bbc.co.uk/modules/sharetools/share?url=http://www.bbc.co.uk%2Fprogrammes%2Fp00z3kdv&appId=programmes&env=live
MB193	REUTERS	2013-03-04 15:46:39+00:00	Bulgarian dies of self-immolation, protests intensify	http://www.reuters.com/article/2013/03/04/bulgaria-government-idUSL6N0BW9O520130304
MB193	REUTERS	2013-03-14 12:51:06+00:00	Fourth Bulgarian protester sets himself on fire	http://www.reuters.com/article/2013/03/14/us-bulgaria-government-idUSBRE92D0MQ20130314
MB193	BBC	2013-03-12 16:31:08+00:00	Bulgarian president names new caretaker government	http://www.bbc.com/news/world-europe-21753607
MB193	AP	2013-02-26 05:00:00+00:00	Bulgarian leader offers meeting with protesters	http://bigstory.ap.org/article/bulgarian-leader-offers-meeting-protesters
MB193	BBC	2013-03-12 16:31:08+00:00	Bulgarian president names new caretaker government	http://www.bbc.co.uk/news/world-europe-21753607
MB193	REUTERS	2013-03-06 14:33:01+00:00	Bulgarian mayor resigns after man sets himself on fire	http://www.reuters.com/article/2013/03/06/us-bulgaria-mayor-idUSBRE9250RF20130306
MB194	BBC	2013-03-22 02:04:16+00:00	Slideshow - Cherry blossoms around the world	http://www.bbc.com/travel/slideshow/20130318-cherry-blossoms-around-the-world
MB194	USATODAY	2013-03-05 21:48:07+00:00	Peak pinkness time for Cherry Blossoms predicted	http://www.usatoday.com/videos/news/nation/2013/03/05/1965461/
MB194	AP	2013-03-04 05:00:00+00:00	Peak bloom dates announced for DC cherry trees	http://bigstory.ap.org/article/peak-bloom-dates-announced-dc-cherry-trees
PARSE_ERROR	AP	Washington Cherry Blossoms - AP - Associated Press	http://bigstory.ap.org/photo/washington-cherry-blossoms
MB194	AP	2013-03-04 05:00:00+00:00	Expect peak bloom for DC cherry trees March 26-30	http://bigstory.ap.org/article/expect-peak-bloom-dc-cherry-trees-march-26-30
MB194	REUTERS	2013-03-04 16:51:04+00:00	Peak bloom of Washington cherry trees expected March 26-30	http://www.reuters.com/article/2013/03/04/us-usa-cherryblossoms-idUSBRE9230T020130304
MB194	USATODAY	2013-03-05 21:48:07+00:00	Peak pinkness time for Cherry Blossoms predicted	http://www.usatoday.com/media/cinematic/video/1965461/peak-pinkness-time-for-cherry-blossoms-predicted/
MB194	PARSE_ERROR	USATODAY	National Cherry Blossom Festival - Tag Story Index - USATODAY.com	http://content.usatoday.com/community/tags/topic.aspx?req=tag&tag=National%20Cherry%20Blossom%20Festival
MB194	USATODAY	2013-03-05 11:00:00+00:00	Mark your calendar for National Cherry Blossom Festival	http://www.usatoday.com/story/dispatches/2013/03/05/national-cherry-blossom-festival/1963217/
MB194	REUTERS	2013-02-15 10:00:00+00:00	Celebrate Presidents' Day with a Historical Tour or a Cherry Blossom Tour from Tours4Fun	http://www.reuters.com/article/2013/02/15/ca-tours4fun-idUSnBw64bDbPa+10a+BSW20130215
MB195	REUTERS	2013-02-25 17:40:48+00:00	Argo storms to Oscar victory on night of surprises	http://www.reuters.com/article/2013/02/25/entertainment-us-oscars-idUSBRE91M07X20130225
MB195	USATODAY	2013-02-24 21:51:52+00:00	'Argo': From dark horse to Oscar winner	http://www.usatoday.com/story/life/movies/2013/02/24/argo-academy-awards/1938081/
MB195	USATODAY	2013-02-24 17:24:32+00:00	'Argo' wins big prize, Day-Lewis sets record at Oscars	http://www.usatoday.com/story/life/movies/2013/02/24/oscars-rolling-news-story/1939467/
MB195	REUTERS	2013-02-25 08:21:34+00:00	Argo wins Oscar for Best Picture	http://www.reuters.com/article/2013/02/25/us-oscar-bestpicture-idUSBRE91O06220130225
MB195	USATODAY	2013-02-25 19:06:51+00:00	Iran divided over Oscar-winning 'Argo'	http://www.usatoday.com/story/news/world/2013/02/25/iran-divided-argo/1946763/
MB195	AP	2013-02-25 05:00:00+00:00	'Argo' wins best picture on scattered Oscar night	http://bigstory.ap.org/article/argo-wins-best-picture-scattered-oscar-night
MB195	REUTERS	2013-02-25 04:55:35+00:00	'Argo' wins Oscar for Best Picture	http://www.reuters.com/article/2013/02/25/oscar-bestpicture-idUSW1N0BO01E20130225
MB195	AP	2013-02-25 05:00:00+00:00	Affleck's 'Argo' wins best-picture Oscar	http://bigstory.ap.org/article/hathaway-waltz-win-supporting-acting-oscars
MB195	USATODAY	2013-02-03 07:04:53+00:00	Affleck's 'Argo' wins Directors Guild top honor	http://www.usatoday.com/story/life/movies/2013/02/03/affleck-argo-directors-guild/1887307/
MB195	REUTERS	2013-02-03 09:54:05+00:00	Affleck wins directors award as 'Argo' hurtles to Oscars	http://www.reuters.com/article/2013/02/03/entertainment-us-directorsguild-idUSBRE91203820130203
MB196	BBC	2013-03-12 18:13:28+00:00	Google hit by $7m Street View fine in US	http://www.bbc.co.uk/news/technology-21762545
MB196	REUTERS	2013-03-08 22:04:39+00:00	Google nears $7 million settlement with U.S. states over Wifi incident: source	http://www.reuters.com/article/2013/03/08/net-us-google-settlement-idUSBRE92719820130308
MB196	REUTERS	2013-03-08 22:02:37+00:00	Google nears $7 mln settlement with U.S. states over Wifi incident-source	http://www.reuters.com/article/2013/03/08/google-settlement-idUSL1N0C0HHN20130308
MB196	REUTERS	2013-03-22 17:58:35+00:00	Huge U.S. corporate cash stash belies weakness -Citi	http://www.reuters.com/article/2013/03/22/usa-markets-cash-idUSL1N0CE7LC20130322
MB196	BBC	2013-02-26 18:17:01+00:00	US internet 'six strikes' anti-piracy campaign begins	http://www.bbc.co.uk/news/technology-21591696
MB197	PARSE_ERROR	USATODAY	'Mad Men': Where we left the characters	http://www.usatoday.com/picture-gallery/life/2013/03/13/mad-men-where-we-left-the-characters/1982497/
PARSE_ERROR	BBC	BBC Radio 4 - Book of the Week, Mad Girl's Love Song, Episode 2	http://www.bbc.co.uk/programmes/b01qjk20
PARSE_ERROR	BBC	BBC Radio 4 - Book of the Week, Mad Girl's Love Song, Episode 4	http://www.bbc.co.uk/programmes/b01qjk1y
MB198	REUTERS	2013-03-12 23:21:49+00:00	Hostess Cupcakes, Twinkies finds their savior	http://www.reuters.com/article/2013/03/12/us-hostess-metropoulos-idUSBRE92B17720130312
MB198	USATODAY	2013-03-14 22:19:54+00:00	Little Debbie parent gets Hostess brand Drake's cakes	http://www.usatoday.com/story/money/business/2013/03/14/hostess-drakes-little-debbie/1988475/
MB198	REUTERS	2013-02-25 14:10:08+00:00	RLPC: Hostess loan to back Apollo, Metropoulos buyout	http://www.reuters.com/article/2013/02/25/hostess-lbo-idUSL1N0BP2EI20130225
MB198	REUTERS	2013-03-12 02:57:04+00:00	REFILE-Hostess says PE firms to buy snack-cake business, no auction needed	http://www.reuters.com/article/2013/03/12/hostess-twinkies-idUSL1N0C407820130312
MB198	AP	2013-03-12 04:00:00+00:00	Twinkies buyers hungry for more Hostess cakes	http://bigstory.ap.org/article/twinkies-buyer-hungry-more-hostess-cakes
MB198	REUTERS	2013-03-12 19:52:11+00:00	Hostess Brands Selects Apollo Global Management and Metropoulos & Co. as Winning Bidder for Majority of Snack Cake Business, Including Twinkies(R)<APO.N>	http://www.reuters.com/article/2013/03/12/apollowinshostessbid-idUSnPnNY75817+160+PRN20130312
MB198	REUTERS	2013-02-28 21:43:38+00:00	Bimbo wins Beefsteak bread in Hostess Brands auction	http://www.reuters.com/article/2013/02/28/hostess-beefsteak-idUSL1N0BSDH820130228
MB198	REUTERS	2013-03-12 03:16:32+00:00	Hostess says PE firms to buy snack-cake business, no auction needed	http://www.reuters.com/article/2013/03/12/us-hostess-twinkies-idUSBRE92B03O20130312
MB198	REUTERS	2013-02-12 00:18:44+00:00	Hostess cleared by court to auction off Twinkie brand	http://www.reuters.com/article/2013/02/12/us-hostess-auction-idUSBRE91B00Q20130212
MB198	BBC	2013-03-12 16:31:16+00:00	Twinkies sold by Hostess Brands in private equity deal	http://www.bbc.co.uk/news/business-21758233
MB199	REUTERS	2013-02-01 23:58:21+00:00	Ed Koch, New York's colorful longtime former mayor, dies	http://www.reuters.com/article/2013/02/01/us-koch-idUSBRE9100IW20130201
MB199	USATODAY	2013-02-01 11:19:14+00:00	Ed Koch, mayor who became a symbol of NYC, dies at 88	http://www.usatoday.com/story/news/nation/2013/02/01/ed-koch-mayor-who-became-a-symbol-of-nyc-dies/1882459/
MB199	AP	2013-02-01 05:00:00+00:00	Ed Koch, New York's feisty mayor, dies at 88	http://bigstory.ap.org/article/ed-koch-mayor-who-became-symbol-nyc-dies
MB199	USATODAY	2013-02-04 18:14:39+00:00	Bill Clinton headlines funeral of ex-NYC mayor Ed Koch	http://www.usatoday.com/story/news/nation/2013/02/04/ed-koch-funeral-clinton/1889937/
MB199	USATODAY	2013-02-01 17:09:42+00:00	The quotable Ed Koch: Ex-NYC mayor's best lines	http://www.usatoday.com/story/news/nation/2013/02/01/ed-koch-quotes/1883223/
MB199	USATODAY	2013-02-01 18:43:17+00:00	Ed Koch was a cheerleader, fixture for the city he loved	http://www.usatoday.com/story/news/nation/2013/02/01/ed-koch-appreciation/1883763/
MB199	AP	2013-02-04 05:00:00+00:00	Ed Koch's coffin exits to 'New York, New York'	http://bigstory.ap.org/article/bill-clinton-speak-ed-kochs-funeral-nyc-0
MB199	BBC	2013-02-01 13:04:07+00:00	Obituary: Ed Koch	http://www.bbc.co.uk/news/world-us-canada-21294448
MB199	REUTERS	2013-02-04 21:35:43+00:00	Ed Koch remembered as quintessential New York City mayor	http://www.reuters.com/article/2013/02/04/us-koch-funeral-idUSBRE9130ZA20130204
MB199	BBC	2013-02-01 14:17:27+00:00	New York former Mayor Ed Koch dies at 88	http://www.bbc.co.uk/news/world-21292317
MB200	AP	2013-02-05 05:00:00+00:00	CORRECTS: Majority of UK lawmakers vote in favor of legalizing ...	http://bigstory.ap.org/article/british-parliament-passes-bill-legalizing-same-sex-marriage
MB200	REUTERS	2013-03-12 12:14:17+00:00	Fallen UK minister, ex-wife jailed over speeding lie	http://www.reuters.com/article/2013/03/12/us-britain-huhne-idUSBRE92A0XG20130312
MB200	REUTERS	2013-03-01 13:58:26+00:00	Anti-EU party beats UK PM Cameron's party in vote	http://www.reuters.com/article/2013/03/01/us-britain-politics-eastleigh-idUSBRE9200KZ20130301
PARSE_ERROR	REUTERS	Archive News & Video for Tuesday, 05 Feb 2013	http://uk.reuters.com/resources/archive/uk/20130205.html
PARSE_ERROR	REUTERS	Archive News & Video for Wednesday, 06 Feb 2013	http://www.reuters.com/resources/archive/uk/20130206.html
PARSE_ERROR	REUTERS	Archive News & Video for Saturday, 02 Feb 2013	http://uk.reuters.com/resources/archive/uk/20130202.html
PARSE_ERROR	REUTERS	Archive News & Video for Tuesday, 26 Mar 2013	http://www.reuters.com/resources/archive/uk/20130326.html
PARSE_ERROR	REUTERS	Archive News & Video for Wednesday, 20 Mar 2013	http://uk.reuters.com/resources/archive/uk/20130320.html
PARSE_ERROR	REUTERS	Archive News & Video for Wednesday, 06 Mar 2013	http://uk.reuters.com/resources/archive/uk/20130306.html
PARSE_ERROR	REUTERS	Archive News & Video for Thursday, 21 Mar 2013	http://www.reuters.com/resources/archive/uk/20130321.html
MB201	BBC	2013-03-14 10:15:35+00:00	LHC cements Higgs boson identification	http://www.bbc.co.uk/news/science-environment-21785205
MB201	AP	2013-03-14 04:00:00+00:00	Physicists say they have found a Higgs boson	http://bigstory.ap.org/article/physicists-say-they-are-now-confident-they-have-discovered-long-sought-higgs-boson
MB201	REUTERS	2013-03-14 15:08:57+00:00	Strong signs Higgs boson has been found: CERN	http://www.reuters.com/article/2013/03/14/us-science-higgs-idUSBRE9270XW20130314
MB201	AP	2013-03-14 04:00:00+00:00	A closer look at the Higgs boson	http://bigstory.ap.org/article/closer-look-higgs-boson-0
MB201	BBC	2013-02-03 00:43:18+00:00	Prof Peter Higgs: Prize honours Large Hadron Collider ...	http://www.bbc.co.uk/news/uk-scotland-21305723
MB201	REUTERS	2013-03-13 21:16:46+00:00	CERN scientists say particle is no super-Higgs	http://uk.reuters.com/article/2013/03/13/rop-science-higgs-idUKL6N0C5GR420130313
MB201	REUTERS	2013-03-08 17:28:29+00:00	Hopes fade of Higgs particle opening door to new realms soon	http://www.reuters.com/article/2013/03/08/us-science-higgs-idUSBRE9270XW20130308
MB201	REUTERS	2013-03-14 09:57:15+00:00	Analysis strongly indicates new particle is Higgs - CERN	http://uk.reuters.com/article/2013/03/14/science-higgs-idUSL6N0C65EC20130314
MB203	BBC	2013-02-10 18:29:04+00:00	Snowstorm Nemo: North-eastern US and Canada dig out	http://www.bbc.co.uk/news/world-us-canada-21399808
MB203	BBC	2013-02-25 12:14:09+00:00	Bees in eastern Scotland have lower survival rate ...	http://www.bbc.co.uk/news/uk-scotland-tayside-central-21575172
MB203	BBC	2013-02-13 22:49:37+00:00	Five killed as plane crash-lands in eastern Ukraine	http://www.bbc.co.uk/news/world-21451432
MB204	AP	2013-02-25 05:00:00+00:00	Sotomayor criticizes prosecutor for racial remark	http://bigstory.ap.org/article/sotomayor-criticizes-prosecutor-racial-remark
MB205	BBC	2013-03-09 10:51:40+00:00	Egypt court backs Port Said football riot death sentences	http://www.bbc.co.uk/news/world-middle-east-21722946
MB205	BBC	2013-03-09 17:47:11+00:00	Unrest in Egypt over Port Said football riot sentences	http://www.bbc.co.uk/news/world-middle-east-21725984
MB205	REUTERS	2013-03-08 17:13:54+00:00	Thousands march in Egypt's Port Said over deaths	http://www.reuters.com/article/2013/03/08/us-egypt-violence-portsaid-idUSBRE9270VM20130308
MB205	BBC	2013-03-08 15:52:20+00:00	Egypt police withdraw from Port Said	http://www.bbc.co.uk/news/world-middle-east-21712014
MB205	REUTERS	2013-03-08 16:06:23+00:00	Thousands march in Egypt's Port Said over deaths	http://www.reuters.com/article/2013/03/08/us-egypt-violence-portsaid-idUSBRE9270TF20130308
MB205	BBC	2013-03-04 22:39:14+00:00	Egypt clashes: Port Said security headquarters torched	http://www.bbc.co.uk/news/world-middle-east-21658944
MB205	REUTERS	2013-03-06 19:56:34+00:00	Protests rage in Egypt's Port Said for fourth day	http://www.reuters.com/article/2013/03/06/us-egypt-protest-idUSBRE9250UM20130306
MB205	REUTERS	2013-03-07 17:18:15+00:00	Egyptian youths hurl stones at police in Port Said protest	http://www.reuters.com/article/2013/03/07/egypt-violence-portsaid-idUSL6N0BZHAB20130307
MB205	REUTERS	2013-03-07 21:57:14+00:00	One protester killed in clashes in Egypt's Port Said	http://www.reuters.com/article/2013/03/07/us-egypt-violence-portsaid-idUSBRE9261BQ20130307
MB207	BBC	2013-02-20 13:45:14+00:00	David Cameron marks British 1919 Amritsar massacre	http://www.bbc.co.uk/news/uk-politics-21515360
PARSE_ERROR	BBC	BBC Asian Network - Nihal, Should David Cameron apologise for ...	http://www.bbc.co.uk/programmes/b01qmr0y
MB207	BBC	2013-02-20 13:11:03+00:00	What David Cameron did not apologise for	http://www.bbc.co.uk/news/world-asia-india-21520173
PARSE_ERROR	AP	David Cameron - The Big Story - Associated Press	http://bigstory.ap.org/photo/david-cameron-38
MB208	USATODAY	2013-02-12 12:28:03+00:00	IOC drops wrestling from 2020 Olympics	http://www.usatoday.com/story/sports/olympics/2013/02/12/ioc-drops-wrestling-2020-olympics/1912179/
MB208	USATODAY	2013-02-12 19:33:01+00:00	IOC drops wrestling from 2020 Olympics	http://www.usatoday.com/videos/sports/olympics/2013/02/12/1913585/
MB208	REUTERS	2013-02-12 19:25:09+00:00	UPDATE 1-Olympics-Reaction to IOC decision to drop wrestling	http://www.reuters.com/article/2013/02/12/olympics-sports-wrestling-reaction-idUSL4N0BC48V20130212
MB208	AP	2013-02-12 05:00:00+00:00	IOC drops wrestling from 2020 Olympics	http://summergames.ap.org/article/ioc-drops-wrestling-2020-olympics-2
MB208	AP	2013-02-12 05:00:00+00:00	IOC drops wrestling from 2020 Olympics	http://summergames.ap.org/boston/article/ioc-drops-wrestling-2020-olympics-0
MB208	AP	2013-02-12 05:00:00+00:00	AP Source: IOC drops wrestling from 2020 Olympics	http://summergames.ap.org/article/ap-source-ioc-drops-wrestling-2020-olympics
MB208	AP	2013-02-12 05:00:00+00:00	AP Source: IOC drops wrestling from 2020 Olympics	http://summergames.ap.org/boston/article/ap-source-ioc-drops-wrestling-2020-olympics-0
MB208	REUTERS	2013-02-12 21:25:01+00:00	REFILE-Olympics-Sanderson saddened by IOC wrestling vote	http://www.reuters.com/article/2013/02/12/olympics-wrestling-sanderson-idUSL1N0BCD4L20130212
MB210	AP	2013-03-15 04:00:00+00:00	DC police make arrest in drive-by shooting	http://bigstory.ap.org/article/dc-police-make-arrest-drive-shooting
MB212	USATODAY	2013-02-02 22:03:29+00:00	Duchess Kate's engagement dress: Now in maternity form	http://www.usatoday.com/story/life/people/2013/02/02/duchess-kate-middleton-issa-blue-dress-maternity-version/1886445/
MB212	USATODAY	2013-03-01 18:00:24+00:00	Duchess Kate shops Topshop maternity	http://www.usatoday.com/story/life/people/2013/03/01/duchess-kate-shops-topshop-maternity-clothes/1956987/
MB212	REUTERS	2013-02-14 07:24:35+00:00	Pregnant Kate Middleton's rounded belly pictures make a splash ...	http://uk.reuters.com/article/2013/02/14/uk-britain-royals-pictures-idUKBRE91C1A720130214
MB213	BBC	2013-02-01 18:31:25+00:00	Bomber attacks US embassy in Ankara, Turkey	http://www.bbc.co.uk/news/world-europe-21293598
MB213	REUTERS	2013-02-02 22:34:28+00:00	Turkey says tests confirm leftist bombed U.S. embassy	http://www.reuters.com/article/2013/02/02/us-turkey-usa-bomb-claim-idUSBRE91107R20130202
MB213	REUTERS	2013-02-01 21:20:32+00:00	Suicide bomber kills guard at U.S. embassy in Turkey	http://www.reuters.com/article/2013/02/01/us-turkey-usa-explosion-idUSBRE9100I620130201
MB213	USATODAY	2013-02-01 11:53:35+00:00	Turkey: U.S. embassy suicide bomber was leftist released from jail	http://www.usatoday.com/story/news/world/2013/02/01/turkey-embassy-bomb/1882475/
MB213	BBC	2013-02-02 15:08:14+00:00	DHKP-C group claims US embassy suicide blast in Ankara	http://www.bbc.co.uk/news/world-europe-21305950
MB213	AP	2013-02-01 05:00:00+00:00	Suicide bomber kills guard at US Embassy in Turkey	http://bigstory.ap.org/article/turkish-news-agency-reports-explosion-front-us-embassy-turkish-capital
MB213	REUTERS	2013-02-02 17:15:43+00:00	DNA tests confirm Turkish leftist bombed U.S. embassy	http://www.reuters.com/article/2013/02/02/us-turkey-usa-bomb-dna-idUSBRE9110AF20130202
MB213	USATODAY	2013-02-02 15:02:20+00:00	Turkey: U.S. Embassy bomber had terror conviction	http://www.usatoday.com/story/news/world/2013/02/02/embassy-bomber-terror-conviction/1885643/
MB213	BBC	2013-02-01 13:08:51+00:00	Turkey attack 'hit visa section' of US embassy	http://www.bbc.co.uk/news/world-europe-21292423
MB213	REUTERS	2013-02-02 00:00:00+00:00	Ankara residents despair over U.S. Embassy attack	http://www.reuters.com/video/2013/02/02/ankara-residents-despair-over-us-embassy?videoId=240911696
MB214	REUTERS	2013-02-07 17:37:49+00:00	Carnegie Learning Common Core Math Approved by New Mexico Public Education Department<APOL.O>	http://www.reuters.com/article/2013/02/07/carnegie-learn-nm-edu-idUSnPnNE56497+160+PRN20130207
MB214	REUTERS	2013-02-12 20:32:13+00:00	Carnegie Learning Math Selected by Oregon Department of Education in 2012-2015 Bridge-Year Adoption<APOL.O>	http://www.reuters.com/article/2013/02/12/carnegie-learning-ode-idUSnPnNE59103+160+PRN20130212
MB214	REUTERS	2013-02-20 17:00:19+00:00	Statewide Survey: Math And Science Skills Help Students And The Economy	http://www.reuters.com/article/2013/02/20/wa-washington-stem-idUSnPnSF62909+160+PRN20130220
MB214	REUTERS	2013-03-04 16:00:04+00:00	Tumblehome Learning Publishes TERC's Mixing in Math	http://www.reuters.com/article/2013/03/04/terc-thl-math-games-idUSnPnDC69796+160+PRN20130304
MB214	REUTERS	2013-03-11 13:30:04+00:00	National Math and Science Initiative Selects Mississippi High School for its Advance Placement Program for Military Families	http://www.reuters.com/article/2013/03/11/nmsi-miss-military-idUSnPnDC74147+160+PRN20130311
MB214	REUTERS	2013-03-13 13:00:19+00:00	Discovery Education Expands Suite of Digital Textbooks with Addition of Interactive Math Techbook<DISCA.O>	http://www.reuters.com/article/2013/03/13/md-discovery-techbook-idUSnPnPH76142+160+PRN20130313
MB214	REUTERS	2013-03-26 16:30:04+00:00	National Math and Science Initiative Announces First 'NMSI School of the Year' and Awards for Eight Outstanding Teachers	http://www.reuters.com/article/2013/03/26/nmsi-schoolteacherawd-idUSnPnDC83610+160+PRN20130326
MB215	REUTERS	2013-02-07 15:06:59+00:00	Blue Cross Blue Shield of Michigan Says Snow Doesn't Have To Be a Pain: Ease into Clearing Sidewalks, Drives	http://www.reuters.com/article/2013/02/07/mi-shovel-snow-safely-idUSnPnDE56346+160+PRN20130207
MB215	BBC	2013-03-12 01:09:18+00:00	UK snow and ice continue to disrupt travel	http://www.bbc.co.uk/news/uk-21735680
MB216	USATODAY	2013-03-09 13:30:00+00:00	Study: Sugar availability linked to type 2 diabetes	http://www.usatoday.com/story/news/nation/2013/03/09/sugar-causes-diabetes/1962909/
MB216	BBC	2013-02-04 12:38:52+00:00	Type 2 diabetes: Insulin greater risk, finds Cardiff study	http://www.bbc.co.uk/news/uk-wales-21319226
MB216	BBC	2013-02-06 12:53:16+00:00	Type 1 diabetes: Cardiff researchers in vaccine trial	http://www.bbc.co.uk/news/uk-wales-21348607
MB216	REUTERS	2013-03-25 15:25:42+00:00	Joslin Diabetes Center Seeks To Catalyze The Prevention Of Type 2 Diabetes	http://www.reuters.com/article/2013/03/25/ma-joslin-diabetes-idUSnPnNE82746+160+PRN20130325
MB216	REUTERS	2013-03-06 00:02:26+00:00	New Clinical Guidelines for Older People With Type 2 Diabetes Launched to Help Avert European Care Crisis	http://www.reuters.com/article/2013/03/06/idUSnPre5CX4Ba+11a+PRN20130306
MB216	REUTERS	2013-03-04 07:01:35+00:00	Tresiba®▼ (insulin degludec) - a new basal insulin for adult patients with type 1 and type 2 diabetes is available in the UK as a new treatment option	http://www.reuters.com/article/2013/03/04/idUSnPreB7WQRa+12e+PRN20130304
MB216	REUTERS	2013-02-04 08:05:56+00:00	Once-Daily Lyxumia® (lixisenatide) Approved for Treatment of Type 2 Diabetes in Europe	http://www.reuters.com/article/2013/02/04/idUSnPreSnTHPa+12e+PRN20130204
MB216	REUTERS	2013-03-14 12:30:04+00:00	Doctors Agree Small Lifestyle Changes Can Improve Outcomes of Patients with Type 2 Diabetes, National Survey Finds	http://www.reuters.com/article/2013/03/14/janssen-diabetessurve-idUSnPnNY76946+160+PRN20130314
MB217	USATODAY	2013-02-11 12:58:48+00:00	Experts: Top 5 picks for the next pope	http://www.usatoday.com/story/news/world/2013/02/11/vatican-next-pope/1908839/
MB217	AP	2013-02-11 05:00:00+00:00	Bookies offer odds on who will be next pope	http://bigstory.ap.org/article/bookies-offer-odds-who-will-be-next-pope
MB217	BBC	2013-02-21 22:01:44+00:00	Conclave: How cardinals elect a Pope	http://www.bbc.co.uk/news/world-21412589
MB217	REUTERS	2013-03-12 11:41:12+00:00	Factbox: Among papabili, open field for next pope	http://www.reuters.com/article/2013/03/12/us-pope-succession-candidates-idUSBRE92B0F420130312
MB217	USATODAY	2013-02-11 14:45:51+00:00	Next pope must be smart, creative, politically adept	http://www.usatoday.com/story/news/world/2013/02/11/next-pope-qualities/1909091/
MB217	REUTERS	2013-02-13 15:45:57+00:00	African pope would be quite some miracle: Ghana archbishop	http://www.reuters.com/article/2013/02/13/us-pope-resignation-africa-idUSBRE91C12320130213
MB217	USATODAY	2013-03-08 14:33:14+00:00	The men who could be the next pope	http://www.usatoday.com/videos/news/world/2013/03/08/1972959/
MB217	AP	2013-02-18 05:00:00+00:00	How many votes is a photo op with the pope worth?	http://bigstory.ap.org/article/how-many-votes-photo-op-pope-worth
MB217	REUTERS	2013-02-28 17:29:35+00:00	Pope Benedict quits Vatican with promise to obey successor	http://www.reuters.com/article/2013/02/28/us-pope-resignation-obedience-idUSBRE91R0GO20130228
MB217	REUTERS	2013-02-13 17:03:29+00:00	Discreet papal campaign began before pope shock	http://www.reuters.com/article/2013/02/13/us-pope-cardinals-idUSBRE91C16V20130213
MB218	USATODAY	2013-03-04 16:37:15+00:00	Fla. sinkhole is considered victim's grave	http://www.usatoday.com/story/news/nation/2013/03/04/sinkhole-home-florida/1961997/
MB218	USATODAY	2013-03-03 20:33:07+00:00	Family Bible rescued from Fla. sinkhole home	http://www.usatoday.com/videos/news/nation/2013/03/04/1960443/
MB218	AP	2013-03-02 05:00:00+00:00	Rescuers end effort to find body in Fla. sinkhole	http://bigstory.ap.org/article/fla-sinkhole-swallowed-man-grows-deeper
MB218	REUTERS	2013-03-02 23:11:21+00:00	Recovery effort ends for Florida man presumed dead in sinkhole	http://www.reuters.com/article/2013/03/02/us-usa-florida-sinkhole-idUSBRE9200NH20130302
MB218	USATODAY	2013-03-03 12:18:55+00:00	Photos saved before home over sinkhole demolished	http://www.usatoday.com/story/news/nation/2013/03/03/sinkhole-florida-house/1959779/
MB218	USATODAY	2013-03-01 12:07:53+00:00	Fla. man swallowed by a sinkhole 'chasm' feared dead	http://www.usatoday.com/story/news/nation/2013/03/01/florida-sinkhole-man/1955895/
MB218	USATODAY	2013-03-02 12:37:43+00:00	Search for Florida man swallowed by sinkhole called off	http://www.usatoday.com/story/news/nation/2013/03/02/sinkhole-swallowed-man-deeper/1958491/
MB218	AP	2013-03-03 05:00:00+00:00	Most of Fla. house over sinkhole demolished	http://bigstory.ap.org/article/rescuers-end-effort-find-body-fla-sinkhole
MB218	AP	2013-03-01 05:00:00+00:00	Sinkhole that swallowed Fla. man 'unstable'	http://bigstory.ap.org/article/tampa-area-man-swallowed-sinkhole
MB218	USATODAY	2013-03-04 22:47:41+00:00	Another suspected sinkhole opens up in a Fla. neighborhood	http://www.usatoday.com/story/news/nation/2013/03/04/sinkhole-seffner-florida/1963175/
MB221	BBC	2013-03-04 09:44:53+00:00	US HIV baby 'cured' by early drug treatment	http://www.bbc.co.uk/news/world-us-canada-21651225
MB221	USATODAY	2013-03-03 21:31:37+00:00	Doctors report first cure of HIV in a child	http://www.usatoday.com/story/news/nation/2013/03/03/first-cure-hiv-child/1957943/
MB221	REUTERS	2013-03-04 19:13:55+00:00	U.S. baby's cure from HIV raises hope, new questions	http://www.reuters.com/article/2013/03/04/us-hiv-cure-reaction-idUSBRE9230YK20130304
MB221	REUTERS	2013-03-04 01:49:31+00:00	U.S. baby's HIV infection cured through very early treatment	http://www.reuters.com/article/2013/03/04/us-hiv-infant-cure-idUSBRE9220GB20130304
MB221	USATODAY	2013-03-06 15:50:46+00:00	World awaits impact of baby cured of HIV	http://www.usatoday.com/story/news/nation/2013/03/06/hiv-baby-impact/1966969/
MB221	USATODAY	2013-03-04 23:28:18+00:00	Child's HIV cure won't mean new treatments immediately	http://www.usatoday.com/story/news/nation/2013/03/04/hiv-cure-treatments/1962933/
MB221	AP	2013-03-04 05:00:00+00:00	Scientists say baby born with HIV apparently cured	http://bigstory.ap.org/article/scientists-say-baby-born-hiv-apparently-cured-0
MB221	BBC	2013-03-04 12:35:59+00:00	Analysis: A cure for HIV?	http://www.bbc.co.uk/news/health-21653463
MB221	REUTERS	2013-03-03 21:30:45+00:00	U.S. baby's HIV infection cured through very early treatment	http://www.reuters.com/article/2013/03/03/us-hiv-infant-cure-idUSBRE9220GB20130303
MB221	BBC	2013-03-04 18:56:42+00:00	Baby with HIV 'cured' with early treatment in US	http://www.bbc.co.uk/news/health-21661274
MB222	USATODAY	2013-03-06 22:28:09+00:00	'Oz the Great and Powerful' is good, escapist fun	http://www.usatoday.com/story/life/movies/2013/03/06/oz-the-great-and-powerful-review/1921613/
MB222	REUTERS	2013-03-07 19:53:42+00:00	James Franco lightens up for role in Oz the Great and Powerful	http://www.reuters.com/article/2013/03/07/entertainment-us-jamesfranco-idUSBRE92615U20130307
MB222	USATODAY	2013-03-08 00:50:48+00:00	'Action!' on the set of 'Oz the Great and Powerful'	http://www.usatoday.com/story/life/movies/2013/03/07/oz-the-great-and-powerful/1966225/
PARSE_ERROR	BBC	BBC Radio 4 - Front Row, Oz the Great and Powerful; Julia O ...	http://www.bbc.co.uk/programmes/b01r0dzy
MB222	USATODAY	2013-03-07 01:35:00+00:00	Oz the Great and Powerful	http://www.usatoday.com/LIFE/usaedition/2013-03-07-Cast-box-for-Oz_ST_U.htm
MB222	USATODAY	2013-03-06 17:45:49+00:00	'Oz the Great and Powerful' Clip: Bananas	http://www.usatoday.com/videos/life/movies/2013/03/06/1967955/
MB222	PARSE_ERROR	USATODAY	Illustrations from the book 'The Art of Oz The Great and Powerful'	http://www.usatoday.com/picture-gallery/life/2013/03/07/illustrations-from-the-book-the-art-of-oz-the-great-and-powerful/1969407/
MB222	USATODAY	2013-03-06 17:31:06+00:00	Trailer: 'Oz the Great and Powerful'	http://www.usatoday.com/videos/life/movies/2013/03/06/1967851/
MB222	REUTERS	2013-02-14 00:00:00+00:00	Hollywood under the spell of Oz The Great and Powerful	http://uk.reuters.com/video/2013/02/14/hollywood-under-the-spell-of-oz-the-grea?videoId=241120208
MB222	REUTERS	2013-02-14 00:00:00+00:00	Hollywood under the spell of Oz The Great and Powerful	http://www.reuters.com/video/2013/02/14/hollywood-under-the-spell-of-oz-the-grea?videoId=241120208
MB223	USATODAY	2013-03-16 09:00:00+00:00	Dog-friendly Florida: Top spots to vacation with pets	http://www.usatoday.com/story/travel/destinations/2013/03/16/dog-friendly-florida-top-spots-to-vacation-with-pets/1992039/
MB223	USATODAY	2013-03-10 12:00:00+00:00	Yellow Dog Project signals not-so-social dogs	http://www.usatoday.com/story/news/world/2013/03/10/dogs-need-space/1933677/
MB223	USATODAY	2013-03-26 14:45:12+00:00	Giffords' husband pulls dog off sea lion in California	http://www.usatoday.com/story/news/nation/2013/03/26/kelly-giffords-calif-sea-lion/2020837/
MB223	AP	2013-03-26 04:00:00+00:00	Giffords' husband pulls dog off sea lion in Calif.	http://bigstory.ap.org/article/giffords-husband-pulls-dog-sea-lion-calif
MB225	USATODAY	2013-03-05 14:11:10+00:00	Who gave Barbara Walters chickenpox?	http://www.usatoday.com/story/life/people/2013/03/05/who-gave-barbara-walters-chicken-pox/1964183/
MB225	USATODAY	2013-02-26 16:23:23+00:00	Barbara Walters to return to 'The View' March 4	http://www.usatoday.com/story/life/people/2013/02/26/barbara-walters-returns-to-the-view-march-4/1948661/
MB225	REUTERS	2013-02-26 18:45:43+00:00	Barbara Walters to return to TV's The View next week	http://uk.reuters.com/article/2013/02/26/uk-barbarawalters-theview-idUKBRE91P0TD20130226
MB225	USATODAY	2013-02-06 20:06:43+00:00	Barbara Walters plans 'View' return	http://www.usatoday.com/story/life/people/2013/02/06/barbara-walters-plans-view-return/1896711/
MB225	AP	2013-02-26 05:00:00+00:00	Barbara Walters returning to 'The View' on Monday	http://bigstory.ap.org/article/barbara-walters-returning-view-monday
MB225	REUTERS	2013-02-26 18:43:21+00:00	Barbara Walters to return to TV's 'The View' next week	http://www.reuters.com/article/2013/02/26/entertainment-us-barbarawalters-theview-idUSBRE91P0T520130226
